<?xml version="1.0" encoding="UTF-8"?>
<Repository>
    <DistributedRepositories>
        <Repository>
            <Name>Lundman</Name>
            <URL>http://www.lundman.net/CSI/RepositoryInfo_C200.xml</URL>
        </Repository>
        <Repository>
            <Name>PhiloFred</Name>
            <URL>https://storage.googleapis.com/google-code-archive-downloads/v2/code.google.com/litepodder/RepositoryInfo-Series200.xml</URL>
        </Repository>
        <Repository>
        	<Name>Vaidyasr</Name>
        	<URL>http://nmtcsi.duckdns.org:81/nmtcsi/RepositoryInfo_C200.xml</URL>
        </Repository>
		<Repository>
		<Name>AirplayNMT</Name>
		<URL>https://storage.googleapis.com/google-code-archive-downloads/v2/code.google.com/airplay-nmt/RepositoryInfo.xml</URL>
		</Repository>
        <Repository>
        	<Name>GKreidl</Name>
        	<URL>http://uranosev.de/rep/GKreidl_RepositoryInfo2xx.xml</URL>
        </Repository>
        <Repository>
        	<Name>PGilmon</Name>
        	<URL>http://cloud.github.com/downloads/pgilmon/Popload/RepositoryInfo.zip</URL>
        </Repository>
        <Repository>
        	<Name>LoginBug</Name>
        	<URL>https://storage.googleapis.com/google-code-archive-downloads/v2/code.google.com/torrentexpander/RepositoryInfo.xml</URL>
        </Repository>
    </DistributedRepositories>
    <Applications>      
      <Application>
         <Name>NetworkMounter</Name>
         <Version>0.5</Version>
         <DownloadURL>http://nmtcsi.duckdns.org:81/nmtcsi/csi/csi-packages/csi_nmt400_networkmounter.zip</DownloadURL>
         <Author>jhmiller</Author>
         <Maintainer>jhmiller</Maintainer>
         <Description>Mount nfs/cifs network shares on the local filesystem.</Description>
         <Homepage>http://www.networkedmediatank.com/showthread.php?tid=61593</Homepage>
         <InstallScript>Apps/AppInit/appinit.cgi?install&amp;NetworkMounter.tar</InstallScript>
         <WebInterfaceURL></WebInterfaceURL>
         <GayaInterfaceURL></GayaInterfaceURL>
         <Screenshots>
         </Screenshots>
         <UsageInstructions>After installing goto /share/Apps/NetworkMounter and rename example_config.ini to config.ini
		 Edit this file using the examples as a guide. Post on forums if you have any problems.</UsageInstructions>
         <Forum/>
         <Changelog>Updated for beter samba mounting and showing share in networked drive list.</Changelog>
      </Application>
        <Application>
            <Name>Oversight</Name>
            <Version>v2.0alpha-r2383</Version>
            <DownloadURL>http://losprog.com/oversight/csi_oversight-2.0-alpha-r2383.zip</DownloadURL>
            <Author>Lordy</Author>
            <Maintainer>Lordy</Maintainer>
            <Description>
            Hands free video jukebox. (100/200 Series).

            New users run goto Setup->Media Sources then Rescan.

            If upgrading from r2006 or earlier, either 

            a) UNINSTALL Current version first or

            b) do a full rescasn selecting "all media"

            To use with Eversion see http://code.google.com/p/oversight/wiki/OversightAndEversion
            </Description>

            <Homepage>http://code.google.com/p/oversight/</Homepage>
            <InstallScript>Apps/AppInit/appinit.cgi?install&amp;oversight-2.0-alpha-r2383.tar</InstallScript>
            <WebInterfaceURL>http://[NMT_IP]:8883/oversight/oversight.cgi</WebInterfaceURL>
            <GayaInterfaceURL>http://localhost:8883/oversight/oversight.cgi</GayaInterfaceURL>
            <Screenshots>
				<URL>http://oversight.googlecode.com/svn/trunk/screenshots/testing-tv-detail.jpg</URL>
				<URL>http://oversight.googlecode.com/svn/trunk/screenshots/testing-episode-detail.jpg</URL>
				<URL>http://oversight.googlecode.com/svn/trunk/screenshots/testing-movie-detail.jpg</URL>
				<URL>http://oversight.googlecode.com/svn/trunk/screenshots/testing-boxset.jpg</URL>
            </Screenshots>
            <UsageInstructions/>
            <Forum>http://www.networkedmediatank.com/showthread.php?tid=32471</Forum>
            <Changelog>
            http://code.google.com/p/oversight/wiki/ChangeLog
            http://code.google.com/p/oversight/source/list
            </Changelog>
        </Application>
        <Application>
            <Name>FeedTime</Name>
            <Version>r159</Version>
            <DownloadURL>http://feedtime.googlecode.com/files/csi_feedtime-r159.zip</DownloadURL>
            <Author>Lordy</Author>
            <Maintainer>Lordy</Maintainer>
            <Description>
                Automatically download TV oriented NZB files from RSS and feed to nzbget.
                Works with authenticated RSS feeds and filters low quality nzb files.
            </Description>
            <Homepage>http://code.google.com/p/feedtime/</Homepage>
            <InstallScript>Apps/AppInit/appinit.cgi?install&amp;feedtime-r159.tar</InstallScript>
            <WebInterfaceURL>http://[NMT_IP]:8883/feedtime/feedtime.cgi</WebInterfaceURL>
            <GayaInterfaceURL>http://localhost:8883/feedtime/feedtime.cgi</GayaInterfaceURL>
            <Screenshots>
            <URL>http://feedtime.googlecode.com/svn/trunk/screenshots/feeds.gif</URL>
            </Screenshots>
            <UsageInstructions>If upgrading, run a check or skip on active feeds, and remove any redundant downloads from nzbget.</UsageInstructions>
            <Forum>http://www.networkedmediatank.com/showthread.php?tid=39539</Forum>
            <Changelog>http://code.google.com/p/feedtime/source/list</Changelog>
        </Application>
        <Application>
            <Name>PchTrakt</Name>
            <Version>0.4.23</Version>
            <DownloadURL>http://nmtcsi.duckdns.org:81/nmtcsi/csi/csi-packages/csi_nmt_pchtrakt_0.4.23.zip</DownloadURL>
            <Author>jlauwers</Author>
            <Maintainer>jlauwers</Maintainer>
            <Description>PchTrakt is a small software that enables your popcorn 200 and 300 series to communicate with trakt.tv to scrobble what you are watching.
			Features:
			Trakt scrobbling (TV Series/Movies)
			BetaSeries scrobbling (French website like trakt) (TV Series)
			Create a .watched file for YAMJ/Eversion
			Ignore folder and/or genre
			Auto-update</Description>
            <Homepage>http://trakt.tv/</Homepage>
            <InstallScript>Apps/AppInit/appinit.cgi?install&amp;pchtrakt.tar</InstallScript>
            <WebInterfaceURL />
            <GayaInterfaceURL />
            <Screenshots />
            <UsageInstructions>With SAMBA or FTP, go to \\your_popcorn_IP\share\Apps\pchtrakt\ and edit pchtrakt.ini to add your trakt login and password. (we are working on a better way to do this)
			Then restart pchtrakt.
			You are good to go!
			Play some files, and don't forget that the naming of the files matters!
			For example:
			The Big Bang Theory - S01E02 - episode title.mkv will work.
			Tbbt0102.mkv will not work.
			
			For the watched file:
			watched means you activate the feature.
			watched_with_video means you want to create the .watched file in the same repertory that the video file
			path is used when you want the .watched files to be all in the same repertory or if you launch PchTrakt from another computer than the popcorn</UsageInstructions>
            <Forum>http://www.networkedmediatank.com/showthread.php?tid=58356</Forum>
            <Changelog />
        </Application>
        <Application>
         <Name>CouchpotatoV2</Name>
         <Version>2.2</Version>
         <DownloadURL>http://nmtcsi.duckdns.org:81/nmtcsi/csi/csi-packages/CouchpotatoV2_CSI-ALL.zip</DownloadURL>
         <Author>RuudBurger</Author>
         <Maintainer>JHMiller</Maintainer>
         <Description>CouchPotato is an automatic NZB and torrent downloader. You can keep a "movies I want"-list and it will search for NZBs/torrents of these movies every X hours. Once a movie is found, it will send it to SABnzbd or download the .nzb or .torrent to a specified directory. 
</Description>
         <Homepage>http://couchpotatoapp.com/</Homepage>
         <InstallScript>Apps/AppInit/appinit.cgi?install&amp;CouchpotatoV2.tar</InstallScript>
         <WebInterfaceURL>http://[NMT_IP]:5050</WebInterfaceURL>
         <GayaInterfaceURL></GayaInterfaceURL>
         <Screenshots>
            <URL></URL>
         </Screenshots>
         <UsageInstructions>BEFORE installing CouchPotato, you MUST have installed "local" with C.S.I
		 The interface can be found at http://PCH-IP:5050</UsageInstructions>
         <Forum>http://www.networkedmediatank.com/showthread.php?tid=53792</Forum>
         <Changelog></Changelog>
      </Application>
	  <Application>
         <Name>SickBeard</Name>
         <Version>1.1</Version>
         <DownloadURL>http://nmtcsi.duckdns.org:81/nmtcsi/csi/csi-packages/sickbeard_CSI-ALL.zip</DownloadURL>
         <Author>midgetspy</Author>
         <Maintainer>JHMiller</Maintainer>
         <Description>SickBeard is a PVR for newsgroup users (with limited torrent support). It watches for new episodes of your favorite shows and when they are posted it downloads them, sorts and renames them, and optionally generates metadata for them. It currently supports NZBs.org, NZBMatrix, NZBs'R'Us, Newzbin, Womble's Index, NZB.su, TVTorrents and EZRSS and retrieves show information from theTVDB.com and TVRage.com.

</Description>
         <Homepage>http://sickbeard.com</Homepage>
         <InstallScript>Apps/AppInit/appinit.cgi?install&amp;sickbeard.tar</InstallScript>
         <WebInterfaceURL>http://[NMT_IP]:8081</WebInterfaceURL>
         <GayaInterfaceURL></GayaInterfaceURL>
         <Screenshots>
            <URL></URL>
         </Screenshots>
         <UsageInstructions>BEFORE installing SickBeard, you MUST have installed "local" with C.S.I
		 The interface can be found at http://PCH-IP:8081</UsageInstructions>
         <Forum>http://www.networkedmediatank.com/showthread.php?tid=53792</Forum>
         <Changelog></Changelog>
      </Application>
	  <Application>
         <Name>SickRage</Name>
         <Version>1.0</Version>
         <DownloadURL>http://nmtcsi.duckdns.org:81/nmtcsi/csi/csi-packages/sickrage_CSI-ALL.zip</DownloadURL>
         <Author>echel0n</Author>
         <Maintainer>JHMiller</Maintainer>
         <Description>SickBeard is a PVR for newsgroup and torrent users. It watches for new episodes of your favorite shows and when they are posted it downloads them, sorts and renames them, and optionally generates metadata for them. It currently supports NZBs.org, NZBMatrix, NZBs'R'Us, Newzbin, Womble's Index, NZB.su, TVTorrents and EZRSS and retrieves show information from theTVDB.com and TVRage.com.

</Description>
         <Homepage>https://www.sickrage.tv/</Homepage>
         <InstallScript>Apps/AppInit/appinit.cgi?install&amp;sickrage.tar</InstallScript>
         <WebInterfaceURL>http://[NMT_IP]:8081</WebInterfaceURL>
         <GayaInterfaceURL></GayaInterfaceURL>
         <Screenshots>
            <URL></URL>
         </Screenshots>
         <UsageInstructions>The interface can be found at http://PCH-IP:8081</UsageInstructions>
         <Forum>http://www.networkedmediatank.com/showthread.php?tid=53792</Forum>
         <Changelog></Changelog>
      </Application>
        <Application>
            <Name>NZBget</Name>
            <Version>12.0-testing-r883</Version>
			<DownloadURL>http://nmtcsi.duckdns.org:81/nmtcsi/csi/csi-packages/csi_nmt_nzbget_12.0-testing-r883.zip</DownloadURL>
            <Author>hugbug</Author>
            <Maintainer>JHMiller</Maintainer>
            <Description>Installe la dernière version testée de NZBget, optimisée pour NZB. Contient aussi UNRAR 3.80 et PAR2 optimisés.</Description>
            <Homepage>http://sourceforge.net/projects/nzbget/</Homepage>
            <InstallScript>Apps/AppInit/appinit.cgi?install&amp;nzbget.tar</InstallScript>
            <WebInterfaceURL>http://[NMT_IP]:6789</WebInterfaceURL>
            <GayaInterfaceURL/>
            <Screenshots>
				<URL>http://nzbget.sourceforge.net/wiki/images/f/fc/Web-Interface-01-Downloads.png</URL>
				<URL>http://nzbget.sourceforge.net/wiki/images/1/13/Web-Interface-02-Add-Downloads.png</URL>
				<URL>http://nzbget.sourceforge.net/wiki/images/5/53/Web-Interface-03-Pause-Button.png</URL>
				<URL>http://nzbget.sourceforge.net/wiki/images/f/f2/Web-Interface-04-QuickSearch.png</URL>
				<URL>http://nzbget.sourceforge.net/wiki/images/2/20/Web-Interface-05-Edit-Download.png</URL>
				<URL>http://nzbget.sourceforge.net/wiki/images/7/7c/Web-Interface-06-Multiselect.png</URL>
				<URL>http://nzbget.sourceforge.net/wiki/images/1/13/Web-Interface-07-Multiedit-Downloads.png</URL>
				<URL>http://nzbget.sourceforge.net/wiki/images/3/38/Web-Interface-08-Merge-Downloads.png</URL>
				<URL>http://nzbget.sourceforge.net/wiki/images/e/eb/Web-Interface-09-Notification.png</URL>
			</Screenshots>
            <UsageInstructions/>
            <Forum>http://www.networkedmediatank.com/showthread.php</Forum>
            <Changelog>http://nzbget.svn.sourceforge.net/viewvc/nzbget/?view=log</Changelog>
        </Application>
        <Application>
            <Name>NZBget</Name>
            <Version>11.0-stable</Version>
			<DownloadURL>http://nmtcsi.duckdns.org:81/nmtcsi/csi/csi-packages/csi_nmt_nzbget_11.0-stable.zip</DownloadURL>
            <Author>hugbug</Author>
            <Maintainer>JHMiller</Maintainer>
            <Description>Installe la dernière version testée de NZBget, optimisée pour NZB. Contient aussi UNRAR 3.80 et PAR2 optimisés.</Description>
            <Homepage>http://sourceforge.net/projects/nzbget/</Homepage>
            <InstallScript>Apps/AppInit/appinit.cgi?install&amp;nzbget.tar</InstallScript>
            <WebInterfaceURL>http://[NMT_IP]:6789</WebInterfaceURL>
            <GayaInterfaceURL/>
            <Screenshots>
				<URL>http://nzbget.sourceforge.net/wiki/images/f/fc/Web-Interface-01-Downloads.png</URL>
				<URL>http://nzbget.sourceforge.net/wiki/images/1/13/Web-Interface-02-Add-Downloads.png</URL>
				<URL>http://nzbget.sourceforge.net/wiki/images/5/53/Web-Interface-03-Pause-Button.png</URL>
				<URL>http://nzbget.sourceforge.net/wiki/images/f/f2/Web-Interface-04-QuickSearch.png</URL>
				<URL>http://nzbget.sourceforge.net/wiki/images/2/20/Web-Interface-05-Edit-Download.png</URL>
				<URL>http://nzbget.sourceforge.net/wiki/images/7/7c/Web-Interface-06-Multiselect.png</URL>
				<URL>http://nzbget.sourceforge.net/wiki/images/1/13/Web-Interface-07-Multiedit-Downloads.png</URL>
				<URL>http://nzbget.sourceforge.net/wiki/images/3/38/Web-Interface-08-Merge-Downloads.png</URL>
				<URL>http://nzbget.sourceforge.net/wiki/images/e/eb/Web-Interface-09-Notification.png</URL>
			</Screenshots>
            <UsageInstructions/>
            <Forum>http://www.networkedmediatank.com/showthread.php</Forum>
            <Changelog>http://nzbget.svn.sourceforge.net/viewvc/nzbget/?view=log</Changelog>
        </Application>
        <Application>
            <Name>c200remote</Name>
            <Version>1.0.1</Version>
            <DownloadURL>http://c200remote.googlecode.com/files/c200remote_1.0.1.zip</DownloadURL>
            <Author>dc11ab and BladeZX</Author>
            <Maintainer>dc11ab</Maintainer>
            <Description>C200 remote vous permets d'envoyer des commandes à distance au Popcorn Hour C200 avec un service Web activé ou par un navigateur Web.</Description>
            <Homepage>http://www.networkedmediatank.com/showthread.php?tid=30168</Homepage>
            <InstallScript>Apps/AppInit/appinit.cgi?install&amp;c200remote.tar</InstallScript>
            <WebInterfaceURL>http://[NMT_IP]:9999/c200remote_web/</WebInterfaceURL>
            <GayaInterfaceURL/>
            <Screenshots>
            	<URL>http://img509.imageshack.us/img509/5594/screenshotrs.png</URL>
            </Screenshots>
            <UsageInstructions>Ouvrir l'URL de l'interface web et cliquer sur les boutons de la técommande affichée dans votre navigateur.</UsageInstructions>
            <Forum>http://www.networkedmediatank.com/showthread.php?tid=30168</Forum>
            <Changelog/>
        </Application>
    </Applications>
    <Themes/>
    <Indexes/>
    <WaitImageSets/>
    <Webservices>
        <Webservice>
            <Name>Weather</Name>
            <Version />
            <DownloadURL />
            <Author />
            <Maintainer />
            <Description>Displays weather information</Description>
            <Homepage>http://www.brettcharney.com/weather/Instructions/</Homepage>
            <Screenshots />
            <UsageInstructions />
            <WebserviceUrl>http://www.brettcharney.com/weather/</WebserviceUrl>
            <Forum>http://www.networkedmediatank.com/showthread.php?tid=14832</Forum>
            <Changelog />
        </Webservice>
        <Webservice>
            <Name>Compiz</Name>
            <Version/>
            <DownloadURL/>
            <Author/>
            <Maintainer/>
            <Description>Compiz media center (Allemand)</Description>
            <Homepage>http://www.compiz.de</Homepage>
            <Screenshots/>
            <UsageInstructions/>
            <WebserviceUrl>http://www.compiz.de</WebserviceUrl>
            <Forum/>
            <Changelog/>
        </Webservice>
        <Webservice>
            <Name>German 2nd TV</Name>
            <Version/>
            <DownloadURL/>
            <Author/>
            <Maintainer/>
            <Description>2nd German TV</Description>
            <Homepage>http://www.dialogfernsehen.de/</Homepage>
            <Screenshots/>
            <UsageInstructions/>
            <WebserviceUrl>http://www.dialogfernsehen.de/nmt/zdf.php5?1106</WebserviceUrl>
            <Forum/>
            <Changelog/>
        </Webservice>
        <Webservice>
            <Name>German TV RSS Feeds</Name>
            <Version/>
            <DownloadURL/>
            <Author/>
            <Maintainer/>
            <Description>Fils RSS TV Allemande</Description>
            <Homepage>http://www.bessser.de</Homepage>
            <Screenshots/>
            <UsageInstructions/>
            <WebserviceUrl>http://www.bessser.de/programm</WebserviceUrl>
            <Forum/>
            <Changelog/>
        </Webservice>
        <Webservice>
            <Name>German Trailers small</Name>
            <Version/>
            <DownloadURL/>
            <Author/>
            <Maintainer/>
            <Description>Bandes-annonces Allemandes (Petit format)</Description>
            <Homepage>http://www.networkedmediatank.com</Homepage>
            <Screenshots/>
            <UsageInstructions/>
            <WebserviceUrl>http://nmt:nmt@www.livepark.de/nmt/kinotrailer/index.php?&amp;V=s</WebserviceUrl>
            <Forum/>
            <Changelog/>
        </Webservice>
        <Webservice>
            <Name>German Trailers medium</Name>
            <Version/>
            <DownloadURL/>
            <Author/>
            <Maintainer/>
            <Description>Bandes-annonces Allemandes (Moyen format)</Description>
            <Homepage>http://www.networkedmediatank.com</Homepage>
            <Screenshots/>
            <UsageInstructions/>
            <WebserviceUrl>http://nmt:nmt@www.livepark.de/nmt/kinotrailer/index.php?&amp;V=m</WebserviceUrl>
            <Forum/>
            <Changelog/>
        </Webservice>
        <Webservice>
            <Name>German Trailers large</Name>
            <Version/>
            <DownloadURL/>
            <Author/>
            <Maintainer/>
            <Description>Bandes-annonces Allemandes (Grand Format)</Description>
            <Homepage>http://www.networkedmediatank.com</Homepage>
            <Screenshots/>
            <UsageInstructions/>
            <WebserviceUrl>http://nmt:nmt@www.livepark.de/nmt/kinotrailer/index.php?&amp;V=l</WebserviceUrl>
            <Forum/>
            <Changelog/>
        </Webservice>
        <Webservice>
            <Name>BlackJack game</Name>
            <Version/>
            <DownloadURL/>
            <Author/>
            <Maintainer/>
            <Description>Jouer à un jeu de Blackjack</Description>
            <Homepage>http://www.brettcharney.com</Homepage>
            <Screenshots/>
            <UsageInstructions/>
            <WebserviceUrl>http://www.brettcharney.com/blackjack</WebserviceUrl>
            <Forum/>
            <Changelog/>
        </Webservice>
        <Webservice>
            <Name>Apple Trailers 2</Name>
            <Version/>
            <DownloadURL/>
            <Author/>
            <Maintainer/>
            <Description>Bandes Annonces Apple</Description>
            <Homepage>http://www.mspportal.com</Homepage>
            <Screenshots>
                <URL>http://www.mspportal.com/service/community/media/thumb/appletrailer_felix_buenemann/thumb-148x109.jpg</URL>
            </Screenshots>
            <UsageInstructions/>
            <WebserviceUrl>http://plugin.mspsite.com/user/appletrailer_felix_buenemann</WebserviceUrl>
            <Forum/>
            <Changelog/>
        </Webservice>
        <Webservice>
            <Name>Apple Trailers 3</Name>
            <Version/>
            <DownloadURL/>
            <Author/>
            <Maintainer/>
            <Description>Bandes Annonces Apple</Description>
            <Homepage>http://www.mspportal.com</Homepage>
            <Screenshots>
                <URL>http://www.mspportal.com/service/community/media/thumb/movie_trailers/thumb-148x109.jpg</URL>
            </Screenshots>
            <UsageInstructions/>
            <WebserviceUrl>http://pch.sitebase.be/en/trailers/</WebserviceUrl>
            <Forum/>
            <Changelog/>
        </Webservice>
        <Webservice>
            <Name>Apple Trailers 1</Name>
            <Version/>
            <DownloadURL/>
            <Author/>
            <Maintainer/>
            <Description>Bandes Annonces Films Apple</Description>
            <Homepage>http://www.apple.com/trailers</Homepage>
            <Screenshots>
                <URL>http://www.mspportal.com/service/community/media/thumb/apple_movie_trailers/thumb-148x109.jpg</URL>
            </Screenshots>
            <UsageInstructions/>
            <WebserviceUrl>http://plugin.mspsite.com/user/Apple_Movie_Trailers</WebserviceUrl>
            <Forum/>
            <Changelog/>
        </Webservice>
        <Webservice>
            <Name>Miro video</Name>
            <Version/>
            <DownloadURL/>
            <Author/>
            <Maintainer/>
            <Description>Miro est un lecteur HD gratuit. Il peut jouer pratiquement n'importe quel fichier vidéo et offre plus de 6000 émissions Web TV et podcasts vidéos gratuits.</Description>
            <Homepage>http://www.getmiro.com/</Homepage>
            <Screenshots>
                <URL>http://www.mspportal.com/service/community/media/thumb/miroguide/thumb-148x109.jpg</URL>
            </Screenshots>
            <UsageInstructions/>
            <WebserviceUrl>http://plugin.mspsite.com/action/showservice.jsp?homePath=http://www.mspportal.com/community&amp;serviceid=miroguide&amp;res=1280x720</WebserviceUrl>
            <Forum/>
            <Changelog/>
        </Webservice>
        <Webservice>
            <Name>Audio podcasts</Name>
            <Version/>
            <DownloadURL/>
            <Author>Slovensky Rozhlas</Author>
            <Maintainer/>
            <Description>Podcasts Audio</Description>
            <Homepage/>
            <Screenshots/>
            <UsageInstructions/>
            <WebserviceUrl>http://plugin.mspsite.com/user/PVi1_podcast</WebserviceUrl>
            <Forum/>
            <Changelog/>
        </Webservice>
        <Webservice>
            <Name>Shoutcast directory browser</Name>
            <Version/>
            <DownloadURL/>
            <Author/>
            <Maintainer/>
            <Description>Navigateur pour serveur de diffusion pour webradio ou pour webtv de type Shoutcast</Description>
            <Homepage/>
            <Screenshots/>
            <UsageInstructions/>
            <WebserviceUrl>http://hdx.i-v-o.nl</WebserviceUrl>
            <Forum/>
            <Changelog/>
        </Webservice>
        <Webservice>
            <Name>Google Maps plus Panoramio</Name>
            <Version/>
            <DownloadURL/>
            <Author/>
            <Maintainer/>
            <Description>Google Maps incluant Panoramio</Description>
            <Homepage/>
            <Screenshots/>
            <UsageInstructions/>
            <WebserviceUrl>http://nmt.mindsuburbia.net/gmaps/</WebserviceUrl>
            <Forum/>
            <Changelog/>
        </Webservice>
        <Webservice>
            <Name>Easynews</Name>
            <Version/>
            <DownloadURL/>
            <Author/>
            <Maintainer/>
            <Description>Easynews</Description>
            <Homepage/>
            <Screenshots/>
            <UsageInstructions/>
            <WebserviceUrl>http://nextdimension.ws/easyvews/index.php</WebserviceUrl>
            <Forum/>
            <Changelog/>
        </Webservice>
        <Webservice>
            <Name>Shralp</Name>
            <Version/>
            <DownloadURL/>
            <Author/>
            <Maintainer/>
            <Description>Shralp</Description>
            <Homepage/>
            <Screenshots/>
            <UsageInstructions/>
            <WebserviceUrl>http://plugin.mspsite.com/user/shralp</WebserviceUrl>
            <Forum/>
            <Changelog/>
        </Webservice>
        <Webservice>
            <Name>Photo Bucket</Name>
            <Version/>
            <DownloadURL/>
            <Author/>
            <Maintainer/>
            <Description>Photo Bucket</Description>
            <Homepage/>
            <Screenshots/>
            <UsageInstructions/>
            <WebserviceUrl>http://plugin.mspsite.com/user/Chetan_sample</WebserviceUrl>
            <Forum/>
            <Changelog/>
        </Webservice>
        <Webservice>
            <Name>Digitally Imported</Name>
            <Version/>
            <DownloadURL/>
            <Author/>
            <Maintainer/>
            <Description>Digitally Imported dance music</Description>
            <Homepage/>
            <Screenshots/>
            <UsageInstructions/>
            <WebserviceUrl>http://msp.therion.be/shoutcast/di.fm/</WebserviceUrl>
            <Forum/>
            <Changelog/>
        </Webservice>
        <Webservice>
            <Name>Pixy</Name>
            <Version/>
            <DownloadURL/>
            <Author/>
            <Maintainer/>
            <Description>Pixy</Description>
            <Homepage/>
            <Screenshots/>
            <UsageInstructions/>
            <WebserviceUrl>http://baloo.jungle.in.ua/</WebserviceUrl>
            <Forum/>
            <Changelog/>
        </Webservice>
        <Webservice>
            <Name>Mircoguide</Name>
            <Version/>
            <DownloadURL/>
            <Author/>
            <Maintainer/>
            <Description>Mircoguide</Description>
            <Homepage/>
            <Screenshots/>
            <UsageInstructions/>
            <WebserviceUrl>http://plugin.mspsite.com/user/Miroguide</WebserviceUrl>
            <Forum/>
            <Changelog/>
        </Webservice>
        <Webservice>
            <Name>Web comic</Name>
            <Version/>
            <DownloadURL/>
            <Author/>
            <Maintainer/>
            <Description>Service Web Web comic</Description>
            <Homepage/>
            <Screenshots/>
            <UsageInstructions/>
            <WebserviceUrl>http://plugin.mspsite.com/user/comics</WebserviceUrl>
            <Forum/>
            <Changelog/>
        </Webservice>
        <Webservice>
            <Name>Tanquiz</Name>
            <Version/>
            <DownloadURL/>
            <Author/>
            <Maintainer/>
            <Description>Tanquiz</Description>
            <Homepage/>
            <Screenshots/>
            <UsageInstructions/>
            <WebserviceUrl>http://www.thepixel.net/tanquiz/</WebserviceUrl>
            <Forum/>
            <Changelog/>
        </Webservice>
        <Webservice>
            <Name>Danyxi.net Pure Sessions</Name>
            <Version/>
            <DownloadURL/>
            <Author/>
            <Maintainer/>
            <Description>Danyxi.net Pure Sessions</Description>
            <Homepage/>
            <Screenshots/>
            <UsageInstructions/>
            <WebserviceUrl>http://plugin.mspsite.com/user/danyix</WebserviceUrl>
            <Forum/>
            <Changelog/>
        </Webservice>
        <Webservice>
            <Name>Gmail</Name>
            <Version/>
            <DownloadURL/>
            <Author/>
            <Maintainer/>
            <Description>Lisez votre courriel Gmail sur votre NMT</Description>
            <Homepage/>
            <Screenshots/>
            <UsageInstructions/>
            <WebserviceUrl>http://msp.zarowa.com/gmail/</WebserviceUrl>
            <Forum/>
            <Changelog/>
        </Webservice>
        <Webservice>
            <Name>Hardware.info TV</Name>
            <Version/>
            <DownloadURL/>
            <Author/>
            <Maintainer/>
            <Description>Hardware.info TV sur votre NMT</Description>
            <Homepage/>
            <Screenshots>
                <URL>http://images.hardwareinfo.net/hwi_logo_footer.png</URL>
            </Screenshots>
            <UsageInstructions/>
            <WebserviceUrl>http://www.hardware.info/tools/nmt.php</WebserviceUrl>
            <Forum/>
            <Changelog/>
        </Webservice>
    </Webservices>
</Repository>
