﻿<Repositories>
  <Repository>
    <Name>Main_TypeAB_English</Name>
    <URL>https://github.com/vaidyasr/nmtcsi/releases/download/v2.7.5.7-2/RepositoryInfo.zip</URL>
    <Enabled>0</Enabled>
  </Repository>
  <Repository>
    <Name>Main_TypeC_English</Name>
    <URL>https://github.com/vaidyasr/nmtcsi/releases/download/v2.7.5.7-2/RepositoryInfo_C200.zip</URL>
    <Enabled>0</Enabled>
  </Repository>
  <Repository>
    <Name>Main_TypeA4_English</Name>
    <URL>https://github.com/vaidyasr/nmtcsi/releases/download/v2.7.5.7-2/RepositoryInfo_A400.zip</URL>
    <Enabled>0</Enabled>
  </Repository>
  <Repository>
    <Name>Main_TypeAB_Русский</Name>
    <URL>https://github.com/vaidyasr/nmtcsi/releases/download/v2.7.5.7-2/RepositoryInfo_Rus.zip</URL>
    <Enabled>0</Enabled>
  </Repository>
  <Repository>
    <Name>Main_TypeAB_Français</Name>
    <URL>https://github.com/vaidyasr/nmtcsi/releases/download/v2.7.5.7-2/RepositoryInfo_French.zip</URL>
    <Enabled>0</Enabled>
  </Repository>
  <Repository>
    <Name>Main_TypeC_Français</Name>
    <URL>https://github.com/vaidyasr/nmtcsi/releases/download/v2.7.5.7-2/RepositoryInfo_C200_French.zip</URL>
    <Enabled>0</Enabled>
  </Repository>
  <Repository>
    <Name>Main_TypeV_English</Name>
    <URL>https://github.com/vaidyasr/nmtcsi/releases/download/v2.7.5.7-2/RepositoryInfo_VTEN.zip</URL>
    <Enabled>0</Enabled>
  </Repository>
</Repositories>
