<?xml version="1.0"?>
<Repository>
    <DistributedRepositories>
        <Repository>
        	<Name>Vaidyasr</Name>
        	<URL>https://raw.githubusercontent.com/vaidyasr/nmtcsi/master/RepositoryInfo_A400.xml</URL>
        </Repository>
    </DistributedRepositories>
    <Applications>
		<Application>
    <Name>Oversight</Name>
     <Version>v2.0alpha-r2380</Version>
     <DownloadURL>http://oversight.googlecode.com/files/csi_oversight-2.0alpha-r2380.zip</DownloadURL>
     <Author>Lordy</Author>
     <Maintainer>Lordy</Maintainer>
     <Description>
         Hands free video jukebox. (100/200/300/400 Series).

         New users run goto Setup->Media Sources then Rescan.

         If upgrading from r2006 or earlier, either 

         a) UNINSTALL Current version first or

         b) do a full rescasn selecting "all media"

         To use with Eversion see http://code.google.com/p/oversight/wiki/OversightAndEversion
    </Description>

     <Homepage>http://code.google.com/p/oversight/</Homepage>
     <InstallScript>Apps/AppInit/appinit.cgi?install&amp;oversight-2.0alpha-r2380.tar</InstallScript>
     <WebInterfaceURL>http://[NMT_IP]:8883/oversight/oversight.cgi</WebInterfaceURL>
     <GayaInterfaceURL>http://localhost:8883/oversight/oversight.cgi</GayaInterfaceURL>
     <Screenshots>
         <URL>http://oversight.googlecode.com/svn/trunk/screenshots/testing-tv-detail.jpg</URL>
         <URL>http://oversight.googlecode.com/svn/trunk/screenshots/testing-episode-detail.jpg</URL>
         <URL>http://oversight.googlecode.com/svn/trunk/screenshots/testing-movie-detail.jpg</URL>
         <URL>http://oversight.googlecode.com/svn/trunk/screenshots/testing-boxset.jpg</URL>
     </Screenshots>
     <UsageInstructions/>
     <Forum>http://www.networkedmediatank.com/showthread.php?tid=32471</Forum>
     <Changelog>
http://code.google.com/p/oversight/wiki/ChangeLog
http://code.google.com/p/oversight/source/list
</Changelog>
</Application>
		<Application>
			<Name>Eversion for Oversight</Name>
			<Version>0.2.8.13</Version>
			<DownloadURL>http://www.dentedboxes.com/downloads/eversion_oversight_179c.zip</DownloadURL>
            <Author>lordy/accident</Author>
            <Maintainer>lordy//accident</Maintainer>
			<Description>Eversion for Oversight</Description>
			<Homepage>http://www.networkedmediatank.com/showthread.php?tid=59949</Homepage>
			<InstallScript>Apps/AppInit/appinit.cgi?install&amp;eversion.tar</InstallScript>
			<WebInterfaceURL />
			<GayaInterfaceURL />
			<Screenshots>
				<URL>http://www.dentedboxes.com/images/release/large/aeonhome.png</URL>
				<URL>http://www.dentedboxes.com/images/release/large/home.png</URL>
				<URL>http://www.dentedboxes.com/images/release/large/wall.poster.summary.png</URL>
				<URL>http://www.dentedboxes.com/images/release/large/wall.poster.full2.png</URL>
				<URL>http://www.dentedboxes.com/images/release/large/wall.poster.full.png</URL>
				<URL>http://www.dentedboxes.com/images/release/large/wall.poster.fanat.png</URL>
				<URL>http://www.dentedboxes.com/images/release/large/list.text.summary.png</URL>
				<URL>http://www.dentedboxes.com/images/release/large/movie2.png</URL>
				<URL>http://www.dentedboxes.com/images/release/large/movie1-2info.png</URL>
			</Screenshots>
			<UsageInstructions />
			<Forum>http://www.networkedmediatank.com/showthread.php?tid=60788</Forum>
			<Changelog>Changes for skinners only - BANNER_URL macro, template_name query parameter.</Changelog>
		</Application>
		<Application>
			<Name>NZBget</Name>
            <Version>12.0-testing-r883</Version>
			<DownloadURL>https://github.com/vaidyasr/nmtcsi/raw/master/csi/csi-packages/csi_nmt_nzbget_12.0-testing-r883.zip</DownloadURL>
            <Author>hugbug</Author>
            <Maintainer>JHMiller</Maintainer>
			<Description>NZBGet is a binary newsgrabber for nzb files. It supports automatic par-check/-repair, unpack and has a web-interface. NZBGet requires low system resources and runs great on routers, NAS-devices and media players. This package contains the latest version of NZBGet (testing branch).
			The default user name and password are nzbget/tegbzn6789</Description>
			<Homepage>http://nzbget.sourceforge.net</Homepage>
			<InstallScript>Apps/AppInit/appinit.cgi?install&amp;nzbget.tar</InstallScript>
			<WebInterfaceURL>http://[NMT_IP]:6789</WebInterfaceURL>
			<GayaInterfaceURL />
			<Screenshots>
				<URL>http://nzbget.sourceforge.net/wiki/images/f/fc/Web-Interface-01-Downloads.png</URL>
				<URL>http://nzbget.sourceforge.net/wiki/images/1/13/Web-Interface-02-Add-Downloads.png</URL>
				<URL>http://nzbget.sourceforge.net/wiki/images/5/53/Web-Interface-03-Pause-Button.png</URL>
				<URL>http://nzbget.sourceforge.net/wiki/images/f/f2/Web-Interface-04-QuickSearch.png</URL>
				<URL>http://nzbget.sourceforge.net/wiki/images/2/20/Web-Interface-05-Edit-Download.png</URL>
				<URL>http://nzbget.sourceforge.net/wiki/images/7/7c/Web-Interface-06-Multiselect.png</URL>
				<URL>http://nzbget.sourceforge.net/wiki/images/1/13/Web-Interface-07-Multiedit-Downloads.png</URL>
				<URL>http://nzbget.sourceforge.net/wiki/images/3/38/Web-Interface-08-Merge-Downloads.png</URL>
				<URL>http://nzbget.sourceforge.net/wiki/images/e/eb/Web-Interface-09-Notification.png</URL>
			</Screenshots>
			<UsageInstructions />
			<Forum>http://www.networkedmediatank.com/showthread.php?tid=63310</Forum>
			<Changelog>http://nzbget.sourceforge.net/History_(ChangeLog)</Changelog>
		</Application>
		<Application>
			<Name>NZBget</Name>
            <Version>11.0-stable</Version>
			<DownloadURL>https://github.com/vaidyasr/nmtcsi/raw/master/csi/csi-packages/csi_nmt_nzbget_11.0-stable.zip</DownloadURL>
            <Author>hugbug</Author>
            <Maintainer>JHMiller</Maintainer>
			<Description>NZBGet is a binary newsgrabber for nzb files. It supports automatic par-check/-repair, unpack and has a web-interface. NZBGet requires low system resources and runs great on routers, NAS-devices and media players. This package contains the latest version of NZBGet (testing branch).
			The default user name and password are nzbget/tegbzn6789</Description>
			<Homepage>http://nzbget.sourceforge.net</Homepage>
			<InstallScript>Apps/AppInit/appinit.cgi?install&amp;nzbget.tar</InstallScript>
			<WebInterfaceURL>http://[NMT_IP]:6789</WebInterfaceURL>
			<GayaInterfaceURL />
			<Screenshots>
				<URL>http://nzbget.sourceforge.net/wiki/images/f/fc/Web-Interface-01-Downloads.png</URL>
				<URL>http://nzbget.sourceforge.net/wiki/images/1/13/Web-Interface-02-Add-Downloads.png</URL>
				<URL>http://nzbget.sourceforge.net/wiki/images/5/53/Web-Interface-03-Pause-Button.png</URL>
				<URL>http://nzbget.sourceforge.net/wiki/images/f/f2/Web-Interface-04-QuickSearch.png</URL>
				<URL>http://nzbget.sourceforge.net/wiki/images/2/20/Web-Interface-05-Edit-Download.png</URL>
				<URL>http://nzbget.sourceforge.net/wiki/images/7/7c/Web-Interface-06-Multiselect.png</URL>
				<URL>http://nzbget.sourceforge.net/wiki/images/1/13/Web-Interface-07-Multiedit-Downloads.png</URL>
				<URL>http://nzbget.sourceforge.net/wiki/images/3/38/Web-Interface-08-Merge-Downloads.png</URL>
				<URL>http://nzbget.sourceforge.net/wiki/images/e/eb/Web-Interface-09-Notification.png</URL>
			</Screenshots>
			<UsageInstructions />
			<Forum>http://www.networkedmediatank.com/showthread.php?tid=63310</Forum>
			<Changelog>http://nzbget.sourceforge.net/History_(ChangeLog)</Changelog>
		</Application>
        <Application>
         <Name>CouchpotatoV2</Name>
         <Version>2.2</Version>
         <DownloadURL>https://github.com/vaidyasr/nmtcsi/raw/master/csi/csi-packages/CouchpotatoV2_CSI-ALL.zip</DownloadURL>
         <Author>RuudBurger</Author>
         <Maintainer>JHMiller</Maintainer>
         <Description>CouchPotato is an automatic NZB and torrent downloader. You can keep a "movies I want"-list and it will search for NZBs/torrents of these movies every X hours. Once a movie is found, it will send it to SABnzbd or download the .nzb or .torrent to a specified directory. 
</Description>
         <Homepage>http://couchpotatoapp.com/</Homepage>
         <InstallScript>Apps/AppInit/appinit.cgi?install&amp;CouchpotatoV2.tar</InstallScript>
         <WebInterfaceURL>http://[NMT_IP]:5050</WebInterfaceURL>
         <GayaInterfaceURL></GayaInterfaceURL>
         <Screenshots>
            <URL></URL>
         </Screenshots>
         <UsageInstructions>BEFORE installing CouchPotato, you MUST have installed "local" with C.S.I
		 The interface can be found at http://PCH-IP:5050</UsageInstructions>
         <Forum>http://www.networkedmediatank.com/showthread.php?tid=53792</Forum>
         <Changelog></Changelog>
      </Application>
	  <Application>
         <Name>SickBeard</Name>
         <Version>1.1</Version>
         <DownloadURL>https://github.com/vaidyasr/nmtcsi/raw/master/csi/csi-packages/sickbeard_CSI-ALL.zip</DownloadURL>
         <Author>midgetspy</Author>
         <Maintainer>JHMiller</Maintainer>
         <Description>SickBeard is a PVR for newsgroup users (with limited torrent support). It watches for new episodes of your favorite shows and when they are posted it downloads them, sorts and renames them, and optionally generates metadata for them. It currently supports NZBs.org, NZBMatrix, NZBs'R'Us, Newzbin, Womble's Index, NZB.su, TVTorrents and EZRSS and retrieves show information from theTVDB.com and TVRage.com.

</Description>
         <Homepage>http://sickbeard.com</Homepage>
         <InstallScript>Apps/AppInit/appinit.cgi?install&amp;sickbeard.tar</InstallScript>
         <WebInterfaceURL>http://[NMT_IP]:8081</WebInterfaceURL>
         <GayaInterfaceURL></GayaInterfaceURL>
         <Screenshots>
            <URL></URL>
         </Screenshots>
         <UsageInstructions>BEFORE installing SickBeard, you MUST have installed "local" with C.S.I
		 The interface can be found at http://PCH-IP:8081</UsageInstructions>
         <Forum>http://www.networkedmediatank.com/showthread.php?tid=53792</Forum>
         <Changelog></Changelog>
      </Application>
	  <Application>
         <Name>SickRage</Name>
         <Version>1.0</Version>
         <DownloadURL>https://github.com/vaidyasr/nmtcsi/raw/master/csi/csi-packages/sickrage_CSI-ALL.zip</DownloadURL>
         <Author>echel0n</Author>
         <Maintainer>JHMiller</Maintainer>
         <Description>SickBeard is a PVR for newsgroup and torrent users. It watches for new episodes of your favorite shows and when they are posted it downloads them, sorts and renames them, and optionally generates metadata for them. It currently supports NZBs.org, NZBMatrix, NZBs'R'Us, Newzbin, Womble's Index, NZB.su, TVTorrents and EZRSS and retrieves show information from theTVDB.com and TVRage.com.

</Description>
         <Homepage>https://www.sickrage.tv/</Homepage>
         <InstallScript>Apps/AppInit/appinit.cgi?install&amp;sickrage.tar</InstallScript>
         <WebInterfaceURL>http://[NMT_IP]:8081</WebInterfaceURL>
         <GayaInterfaceURL></GayaInterfaceURL>
         <Screenshots>
            <URL></URL>
         </Screenshots>
         <UsageInstructions>The interface can be found at http://PCH-IP:8081</UsageInstructions>
         <Forum>http://www.networkedmediatank.com/showthread.php?tid=53792</Forum>
         <Changelog></Changelog>
      </Application>
        <Application>
            <Name>PchTrakt</Name>
            <Version>0.4.23</Version>
            <DownloadURL>https://github.com/vaidyasr/nmtcsi/raw/master/csi/csi-packages/csi_nmt_pchtrakt_0.4.23.zip</DownloadURL>
            <Author>jlauwers</Author>
            <Maintainer>jlauwers</Maintainer>
            <Description>PchTrakt is a small software that enables your popcorn 200 and 300 series to communicate with trakt.tv to scrobble what you are watching.
			Features:
			Trakt scrobbling (TV Series/Movies)
			BetaSeries scrobbling (French website like trakt) (TV Series)
			Create a .watched file for YAMJ/Eversion
			Ignore folder and/or genre
			Auto-update</Description>
            <Homepage>http://trakt.tv/</Homepage>
            <InstallScript>Apps/AppInit/appinit.cgi?install&amp;pchtrakt.tar</InstallScript>
            <WebInterfaceURL />
            <GayaInterfaceURL />
            <Screenshots />
            <UsageInstructions>With SAMBA or FTP, go to \\your_popcorn_IP\share\Apps\pchtrakt\ and edit pchtrakt.ini to add your trakt login and password. (we are working on a better way to do this)
			Then restart pchtrakt.
			You are good to go!
			Play some files, and don't forget that the naming of the files matters!
			For example:
			The Big Bang Theory - S01E02 - episode title.mkv will work.
			Tbbt0102.mkv will not work.
			
			For the watched file:
			watched means you activate the feature.
			watched_with_video means you want to create the .watched file in the same repertory that the video file
			path is used when you want the .watched files to be all in the same repertory or if you launch PchTrakt from another computer than the popcorn</UsageInstructions>
            <Forum>http://www.networkedmediatank.com/showthread.php?tid=58356</Forum>
            <Changelog />
        </Application>      
      <Application>
         <Name>NetworkMounter</Name>
         <Version>0.5</Version>
         <DownloadURL>https://github.com/vaidyasr/nmtcsi/raw/master/csi/csi-packages/csi_nmt400_networkmounter.zip</DownloadURL>
         <Author>jhmiller</Author>
         <Maintainer>jhmiller</Maintainer>
         <Description>Mount nfs/cifs network shares on the local filesystem.</Description>
         <Homepage>http://www.networkedmediatank.com/showthread.php?tid=61593</Homepage>
         <InstallScript>Apps/AppInit/appinit.cgi?install&amp;NetworkMounter.tar</InstallScript>
         <WebInterfaceURL></WebInterfaceURL>
         <GayaInterfaceURL></GayaInterfaceURL>
         <Screenshots>
         </Screenshots>
         <UsageInstructions>After installing goto /share/Apps/NetworkMounter and rename example_config.ini to config.ini
		 Edit this file using the examples as a guide. Post on forums if you have any problems.</UsageInstructions>
         <Forum/>
         <Changelog>Updated for beter samba mounting and showing share in networked drive list.</Changelog>
      </Application>
    </Applications>
    <Themes />
    <Indexes>
        <Index>
            <Name>Default .home</Name>
            <Version>1</Version>
            <DownloadURL>http://www.networkedmediatank.com/download/Home_Customization_(130111).zip</DownloadURL>
            <Author>PCH Team</Author>
            <Maintainer />
            <Description>A default .home folder that you can change to your liking.</Description>
            <Homepage>http://www.networkedmediatank.com/showthread.php?tid=65250</Homepage>
            <Screenshots>
                <URL>http://www.networkedmediatank.com/images/A400/HomescreenTunein.jpg</URL>
            </Screenshots>
            <UsageInstructions />
            <Forum />
            <Changelog />
        </Index>
    </Indexes>
    <WaitImageSets />
    <Webservices />
</Repository>
